first_name,last_name,email,mobile_number
Thorsten,De Bruijne,tdebruijne0@symantec.com,021-8228001
Ragnar,Holdron,rholdron1@privacy.gov.au,015-7649908
Linea,Manklow,lmanklow2@eepurl.com,073-1482904
Sandy,Shere,sshere3@spiegel.de,021-0331017
Lainey,Winkless,lwinkless4@squarespace.com,043-9506688
Zeb,Ridges,zridges5@prweb.com,045-0593404
Cecil,De Wolfe,cdewolfe6@gravatar.com,031-0368005
Faulkner,Lukesch,flukesch7@mozilla.com,068-2286873
Jillayne,Larrett,jlarrett8@cloudflare.com,050-3699074
Stepha,Rubinowicz,srubinowicz9@topsy.com,049-3079712
Tatum,Akast,takasta@arizona.edu,046-7437055
Cosimo,Dexter,cdexterb@google.fr,037-9050906
Dorelia,Entissle,dentisslec@cnet.com,090-6047827
Sloan,Hiley,shileyd@deliciousdays.com,090-7584932
Patty,Dyke,pdykee@facebook.com,035-0374783
Jan,Langeley,jlangeleyf@e-recht24.de,093-5204896
Daisy,Godier,dgodierg@arstechnica.com,059-6932888
Thaddus,Dignam,tdignamh@boston.com,090-7069837
Isac,Sheards,isheardsi@whitehouse.gov,067-7539913
Helen,Scandrite,hscandritej@dell.com,094-3586492
Kacie,Stealy,kstealyk@ocn.ne.jp,090-7623762
Valenka,Slowley,vslowleyl@epa.gov,017-4099103
Flori,Leverette,fleverettem@wiley.com,011-8773162
Gonzales,Pagelsen,gpagelsenn@topsy.com,094-8686344
Nicol,Mitie,nmitieo@friendfeed.com,041-4757952
Nelly,Linster,nlinsterp@rediff.com,097-5897362
Neron,Welds,nweldsq@howstuffworks.com,074-5556212
Lalo,Bolderoe,lbolderoer@skyrock.com,076-2959961
Albina,Wasielewicz,awasielewiczs@moonfruit.com,093-7313058
Garret,De Andreis,gdeandreist@zimbio.com,002-2890516
Olav,Pabelik,opabeliku@google.de,058-0922837
Cindi,Skipsea,cskipseav@boston.com,084-9950051
Sol,Bellelli,sbellelliw@purevolume.com,010-7811357
Shaun,Hanhardt,shanhardtx@multiply.com,028-7649172
Germaine,Dohr,gdohry@goodreads.com,041-8011092
Ernestus,Creber,ecreberz@usnews.com,035-3905140
Berke,Gurner,bgurner10@alexa.com,029-7451740
Agnola,Gwillym,agwillym11@yellowbook.com,080-6969164
Layne,Paunsford,lpaunsford12@pinterest.com,062-0386278
Hermann,Bartunek,hbartunek13@google.cn,012-2520966
Hermina,Le Brun,hlebrun14@thetimes.co.uk,021-6841788
Wini,Ellam,wellam15@ifeng.com,066-0526974
Tannie,Hullot,thullot16@smugmug.com,051-4805240
Jaye,Seman,jseman17@1688.com,099-7561982
Gothart,Pontefract,gpontefract18@indiatimes.com,061-1916066
Garnette,Baudry,gbaudry19@myspace.com,003-0852628
Lorne,Westfield,lwestfield1a@edublogs.org,012-8842191
Emiline,Chattington,echattington1b@rakuten.co.jp,082-4872809
Simonne,Oakton,soakton1c@sfgate.com,097-1265131
Lyndsie,Presdie,lpresdie1d@telegraph.co.uk,044-0610743
L;urette,Knox,lknox1e@amazonaws.com,043-7140503
Daffy,Oleszcuk,doleszcuk1f@opera.com,010-5210566
Burnard,Mompesson,bmompesson1g@cnn.com,069-6723988
Loise,Joscelyne,ljoscelyne1h@so-net.ne.jp,007-2172122
Dannie,Cowup,dcowup1i@arstechnica.com,087-4777595
Kris,Dawidowsky,kdawidowsky1j@virginia.edu,077-8815476
Brennan,Betteriss,bbetteriss1k@google.pl,025-3319336
Hadley,Renehan,hrenehan1l@prlog.org,047-9715932
Pepe,Juszczak,pjuszczak1m@unblog.fr,059-0552571
Kristoffer,Tolefree,ktolefree1n@fc2.com,073-5198981
Rhiamon,Orys,rorys1o@sitemeter.com,029-9024853
Carlen,Reardon,creardon1p@businessinsider.com,012-9110615
Alvira,Headon,aheadon1q@feedburner.com,090-8861603
Corine,Francescone,cfrancescone1r@google.com.au,007-0355156
Ellis,Scade,escade1s@redcross.org,003-4503929
Carlo,Copyn,ccopyn1t@businesswire.com,016-7841126
Daile,Bruneton,dbruneton1u@prnewswire.com,088-7649659
Brunhilde,Gurrado,bgurrado1v@google.com,022-3571974
Guntar,Robers,grobers1w@hatena.ne.jp,030-7047794
Amelina,Sollis,asollis1x@networksolutions.com,046-7698969
Jephthah,Boldry,jboldry1y@xinhuanet.com,069-2128735
Anselm,Ryce,aryce1z@thetimes.co.uk,084-3226885
Lorena,Lightman,llightman20@omniture.com,072-2641973
Oren,Berriball,oberriball21@mlb.com,026-4354166
Luca,Kettlestringe,lkettlestringe22@ed.gov,091-0681615
Sylvia,Ellingford,sellingford23@blog.com,033-0331043
Justina,Onge,jonge24@phpbb.com,043-8059647
Codi,Sackett,csackett25@phpbb.com,020-8930449
Adelbert,Giacopelo,agiacopelo26@umich.edu,085-7904633
Nilson,Handforth,nhandforth27@patch.com,051-4145786
Nickolaus,Ketcher,nketcher28@boston.com,065-7551559
Hewet,Nardoni,hnardoni29@yahoo.co.jp,022-4704292
Sorcha,D'Acth,sdacth2a@hubpages.com,003-4113650
Lenard,Chaudrelle,lchaudrelle2b@fda.gov,015-0109293
Stanislaw,Karolyi,skarolyi2c@friendfeed.com,001-7476622
Rufe,Brommage,rbrommage2d@usa.gov,047-8692885
Korney,Dane,kdane2e@auda.org.au,020-8614100
Ethe,Engeham,eengeham2f@so-net.ne.jp,045-1573105
Melisa,Jaqueme,mjaqueme2g@google.pl,096-9367618
Matty,Arendsen,marendsen2h@sohu.com,015-2921050
Rowland,Meeks,rmeeks2i@nature.com,068-8454519
Arty,Tirrell,atirrell2j@instagram.com,015-7048607
Brandi,Cavanaugh,bcavanaugh2k@icq.com,052-1155169
Gabrila,Doggerell,gdoggerell2l@fema.gov,089-2978705
Keriann,Pundy,kpundy2m@rediff.com,091-3842544
Nial,Hritzko,nhritzko2n@constantcontact.com,098-0923425
Bayard,Bransby,bbransby2o@is.gd,012-1936644
Byrle,Steet,bsteet2p@jiathis.com,088-8195059
Hanna,Brozek,hbrozek2q@skype.com,054-4002574
Dominick,Swindle,dswindle2r@opera.com,082-5110193
Rickie,Goodge,rgoodge2s@eventbrite.com,058-2303167
Barth,Jehan,bjehan2t@bbc.co.uk,089-6596653
Dorry,Lisamore,dlisamore2u@is.gd,086-3387796
Mathilda,Sykes,msykes2v@sourceforge.net,083-5331396
Elinore,Menelaws,emenelaws2w@mashable.com,037-7609252
Patrice,Saill,psaill2x@soundcloud.com,007-1331569
Cherida,Peckitt,cpeckitt2y@dell.com,004-6136246
Denni,Churms,dchurms2z@51.la,046-1549926
Jenifer,Capstack,jcapstack30@icq.com,019-6018176
Mari,Lecordier,mlecordier31@miitbeian.gov.cn,026-4964755
Alyss,Esson,aesson32@eventbrite.com,013-3887891
Sarajane,Rowntree,srowntree33@state.tx.us,068-8609641
Nancee,Clayborn,nclayborn34@list-manage.com,004-1044854
Athena,Pitt,apitt35@stumbleupon.com,042-2735129
Adina,Yell,ayell36@a8.net,081-7494274
Brandais,Crichten,bcrichten37@home.pl,034-7960091
Lusa,Klisch,lklisch38@cbslocal.com,020-4210486
Reid,Shimoni,rshimoni39@list-manage.com,063-7708926
Amble,Castano,acastano3a@blogs.com,010-2874303
Betta,Trudgeon,btrudgeon3b@discuz.net,094-1252338
Lyndel,Stemson,lstemson3c@oracle.com,047-5840192
Lacee,Verbrugghen,lverbrugghen3d@wikispaces.com,051-5624457
Claiborne,Pledger,cpledger3e@fema.gov,034-3368879
Mersey,Lackmann,mlackmann3f@delicious.com,011-0919187
Tomasina,Kinver,tkinver3g@example.com,095-9043832
Avrom,Gurry,agurry3h@flavors.me,071-4289534
Stanfield,Janicijevic,sjanicijevic3i@dagondesign.com,096-8652243
Upton,Whitaker,uwhitaker3j@ucla.edu,048-0219650
Winfred,Reen,wreen3k@google.pl,091-8378396
Wallie,Lumbly,wlumbly3l@wiley.com,070-0015337
Adrien,Bowering,abowering3m@va.gov,002-3817291
Elisabet,Eckersley,eeckersley3n@tumblr.com,019-7880577
Ella,Suggitt,esuggitt3o@senate.gov,057-0746001
Erminie,Scading,escading3p@about.me,095-2937275
Cate,Exall,cexall3q@dagondesign.com,024-5719637
Nicki,Delph,ndelph3r@msu.edu,018-5253296
Lorain,Fennell,lfennell3s@myspace.com,091-3841451
Lavinie,Leeves,lleeves3t@booking.com,092-9681027
Tanner,Tresvina,ttresvina3u@wufoo.com,027-6366144
Clayborne,Sweetenham,csweetenham3v@wordpress.org,057-7967532
Peter,Stockle,pstockle3w@example.com,092-8314605
Tanya,Weavill,tweavill3x@toplist.cz,059-2571302
Caryn,Simic,csimic3y@virginia.edu,036-0481339
Marlo,Blythin,mblythin3z@usda.gov,070-4355912
Sheena,Slinn,sslinn40@usa.gov,095-8062652
Cordell,Druhan,cdruhan41@ning.com,060-5730321
Damon,Glasgow,dglasgow42@disqus.com,070-9825772
Trescha,Castel,tcastel43@loc.gov,074-8610227
Winny,Treverton,wtreverton44@com.com,035-9804994
Alison,Beecham,abeecham45@newsvine.com,028-5283339
Boot,Petruszka,bpetruszka46@telegraph.co.uk,015-9547991
Toddy,Austwick,taustwick47@exblog.jp,017-4413765
Daffi,Seamons,dseamons48@cargocollective.com,059-6417415
Leanor,Eagger,leagger49@globo.com,018-4683637
Clovis,Van Velde,cvanvelde4a@clickbank.net,046-3300042
Annabel,McKeevers,amckeevers4b@merriam-webster.com,062-7256932
Amelina,Kinver,akinver4c@yandex.ru,054-0634991
Gertrude,Skinley,gskinley4d@washingtonpost.com,015-7000860
Carmine,Pinchback,cpinchback4e@apple.com,029-7109044
Sylvester,Dyde,sdyde4f@tmall.com,030-3727563
Carrissa,Sambiedge,csambiedge4g@sun.com,047-9546152
Elmer,Aglione,eaglione4h@desdev.cn,030-6910554
Sherline,Derobert,sderobert4i@shop-pro.jp,020-8822663
Beret,Philbrook,bphilbrook4j@ftc.gov,036-5296546
Evaleen,Fotitt,efotitt4k@china.com.cn,097-9639065
Aeriell,Dumphy,adumphy4l@bluehost.com,046-5651832
Koressa,McGreal,kmcgreal4m@mac.com,011-3341181
Maurie,Dusey,mdusey4n@clickbank.net,062-8594181
Timothy,Ranscome,transcome4o@printfriendly.com,082-4209098
Charlena,Hunton,chunton4p@vimeo.com,023-1207166
Thatch,Lackmann,tlackmann4q@simplemachines.org,000-7394659
Andria,Rankin,arankin4r@weather.com,069-9587754
Brian,Kaindl,bkaindl4s@ezinearticles.com,056-8687278
Barrett,Matyasik,bmatyasik4t@ehow.com,064-4414604
Rhona,Fawckner,rfawckner4u@foxnews.com,078-8082122
Sue,Tabourier,stabourier4v@blogspot.com,055-2223440
Paulie,Innman,pinnman4w@bloglines.com,053-3314817
Rahel,Fillan,rfillan4x@ucoz.com,047-3418161
Loy,Roggerone,lroggerone4y@blogs.com,098-0216280
Smitty,Swanton,sswanton4z@skyrock.com,003-5943797
Worth,Webermann,wwebermann50@cpanel.net,041-9965877
Vikky,Reinmar,vreinmar51@vimeo.com,028-1784148
Oran,Lowson,olowson52@ebay.co.uk,055-3565123
Kissee,Worsall,kworsall53@w3.org,021-7898041
Benedict,Doerling,bdoerling54@t.co,001-0706353
Jennine,Itscowics,jitscowics55@tiny.cc,037-1726980
Grange,Jesty,gjesty56@jigsy.com,036-7080571
Tarra,Tilney,ttilney57@hao123.com,062-4174176
Lesley,Fidilis,lfidilis58@cmu.edu,017-2333043
Ingaborg,Brabben,ibrabben59@oaic.gov.au,028-8724468
Garey,L'Homme,glhomme5a@squarespace.com,033-5372473
Elmore,Bratty,ebratty5b@godaddy.com,065-8182576
Gratiana,Jent,gjent5c@diigo.com,080-0143719
Didi,Ward,dward5d@wufoo.com,038-2495320
Kurtis,Paolino,kpaolino5e@netscape.com,030-1218928
Pancho,Wimes,pwimes5f@netscape.com,086-8753303
Magnum,Freear,mfreear5g@simplemachines.org,043-8746429
Regen,Woltering,rwoltering5h@shareasale.com,070-6540786
Westbrook,Bercher,wbercher5i@360.cn,044-1363169
Dante,Oleshunin,doleshunin5j@chicagotribune.com,077-1853315
Alair,Jadczak,ajadczak5k@buzzfeed.com,023-8224170
Clareta,Follen,cfollen5l@hp.com,008-0422164
Freedman,Titherington,ftitherington5m@illinois.edu,034-0872708
Noach,Hugle,nhugle5n@issuu.com,077-7044655
Ivett,Allum,iallum5o@mapy.cz,095-1446237
Franz,Foxwell,ffoxwell5p@wikimedia.org,097-0481088
Crichton,Lett,clett5q@networksolutions.com,070-2698018
Gwenny,Veryan,gveryan5r@hhs.gov,057-3322232
Hammad,Gookey,hgookey5s@clickbank.net,040-3162108
Lutero,Pedrick,lpedrick5t@freewebs.com,069-9350867
Haroun,Buzza,hbuzza5u@stumbleupon.com,092-8929428
Alyson,Floodgate,afloodgate5v@latimes.com,056-0007859
Carmita,Grass,cgrass5w@apple.com,017-2274918
Clementina,De Carolis,cdecarolis5x@bizjournals.com,026-1389137
Daniela,Ager,dager5y@europa.eu,095-9335642
Bryanty,Coughlan,bcoughlan5z@hhs.gov,019-6519607
Florette,Maryet,fmaryet60@cnet.com,070-2071739
Golda,Vivyan,gvivyan61@unc.edu,041-7658197
Alexander,Saffer,asaffer62@desdev.cn,074-2128591
Dixie,McCallister,dmccallister63@china.com.cn,020-4517221
Mady,Byrd,mbyrd64@indiatimes.com,025-3243671
Phip,Albrecht,palbrecht65@samsung.com,048-1701998
Chase,Holdall,choldall66@blinklist.com,084-4507695
Kerianne,Loweth,kloweth67@google.ru,025-5537924
Caddric,Rainville,crainville68@loc.gov,092-6919482
Adah,Vivyan,avivyan69@alibaba.com,043-5491310
Reinald,Olechnowicz,rolechnowicz6a@cnet.com,080-4354310
Roxy,Rodliff,rrodliff6b@mozilla.com,078-7218898
Wadsworth,Halpeine,whalpeine6c@mapquest.com,084-0078742
Belinda,Dulake,bdulake6d@sun.com,022-6845708
Elene,Vicary,evicary6e@linkedin.com,095-5495637
Milton,Emmanueli,memmanueli6f@ucoz.ru,036-2101730
Chance,Elwell,celwell6g@wp.com,039-1668190
Chiquia,Sherrington,csherrington6h@army.mil,069-2268702
Dionysus,Jerg,djerg6i@fastcompany.com,022-9099807
Shalne,Gokes,sgokes6j@deviantart.com,026-4510172
Odella,Cuppleditch,ocuppleditch6k@quantcast.com,071-7692817
Maribeth,Torrijos,mtorrijos6l@mtv.com,003-2446231
Caresa,MacGowing,cmacgowing6m@hatena.ne.jp,011-3697813
Kalvin,Rolingson,krolingson6n@uol.com.br,086-9119096
Marabel,Zuppa,mzuppa6o@va.gov,056-5117692
Zorine,Quilkin,zquilkin6p@lulu.com,053-3485559
Trenna,Lindroos,tlindroos6q@columbia.edu,093-4636673
Clarinda,Athow,cathow6r@dmoz.org,010-0462629
Sam,Klaggeman,sklaggeman6s@nature.com,096-7938080
Rennie,Brisland,rbrisland6t@digg.com,059-4013474
Godwin,Sawyer,gsawyer6u@auda.org.au,057-2569116
Taylor,Stainland,tstainland6v@reference.com,006-0059438
Lisbeth,Haistwell,lhaistwell6w@1und1.de,023-2952254
Robyn,Norfolk,rnorfolk6x@jugem.jp,043-2433632
Melisse,Potteridge,mpotteridge6y@google.es,085-2692326
Beverie,Ties,bties6z@cloudflare.com,050-3831743
Sophi,Saye,ssaye70@howstuffworks.com,000-3731387
Mathilde,Romain,mromain71@ed.gov,036-3486654
Iris,Moynihan,imoynihan72@github.com,005-7785215
Johnnie,Ball,jball73@fda.gov,012-4645943
Jason,Comini,jcomini74@bigcartel.com,017-2580622
Betti,Neeson,bneeson75@ft.com,048-3552330
Mannie,Mantram,mmantram76@google.com.br,042-4339329
Reggi,Blitz,rblitz77@ucoz.ru,088-3266373
Richardo,Seagar,rseagar78@gnu.org,024-3972231
Shurlock,Sushams,ssushams79@list-manage.com,007-4621993
Tildi,Harome,tharome7a@meetup.com,021-2164139
Filbert,Harold,fharold7b@pen.io,091-5818876
Carney,Crosser,ccrosser7c@yale.edu,043-4997582
Laurette,Lehrer,llehrer7d@craigslist.org,057-5991497
Nobe,Guitel,nguitel7e@flavors.me,076-0697035
Constantine,Maynell,cmaynell7f@vimeo.com,083-8958709
Clovis,Winckle,cwinckle7g@arstechnica.com,047-6178619
Desirae,Bazelle,dbazelle7h@guardian.co.uk,032-4480127
Dorolice,Burger,dburger7i@yahoo.com,044-5029099
Troy,Kinnen,tkinnen7j@salon.com,039-0499816
Quentin,Bowery,qbowery7k@ask.com,027-0841402
Sande,Salvador,ssalvador7l@cpanel.net,031-4096160
Val,Haggeth,vhaggeth7m@weebly.com,016-4702900
Cecilia,Gouldthorpe,cgouldthorpe7n@infoseek.co.jp,049-4814360
Robbie,Glassborow,rglassborow7o@opera.com,054-3249524
Kissee,Fehner,kfehner7p@abc.net.au,098-3578432
Dudley,Ovitts,dovitts7q@bloglines.com,044-1921006
Selle,Edgcombe,sedgcombe7r@businessweek.com,040-7710310
Donetta,Spears,dspears7s@altervista.org,087-8786126
Maximo,Locker,mlocker7t@ezinearticles.com,063-4196909
Bret,Say,bsay7u@liveinternet.ru,006-2341962
Nevin,Blaszczynski,nblaszczynski7v@arizona.edu,036-6298454
Erin,Norman,enorman7w@washington.edu,034-4094214
Parke,Maass,pmaass7x@e-recht24.de,000-5012009
Joshia,Basnall,jbasnall7y@so-net.ne.jp,072-1205060
Zelma,Keyzor,zkeyzor7z@cisco.com,044-5763524
Jerri,Wherton,jwherton80@shinystat.com,077-5700351
Nady,Gadsden,ngadsden81@vk.com,012-3987859
Onfroi,Gallaher,ogallaher82@google.com.hk,068-6574446
Neilla,Duffyn,nduffyn83@sciencedirect.com,094-8217891
Tandi,Reary,treary84@rambler.ru,088-5568855
Zared,Sprakes,zsprakes85@huffingtonpost.com,026-8888923
Brendis,Symmers,bsymmers86@wufoo.com,040-4923578
Henriette,Hagley,hhagley87@huffingtonpost.com,084-1840464
Cicily,Kaming,ckaming88@cloudflare.com,079-2710940
Gale,Arnet,garnet89@ustream.tv,036-5228711
Cathleen,Tomlett,ctomlett8a@boston.com,090-3241213
Diane-marie,Carles,dcarles8b@hubpages.com,080-0090890
Gertrud,Grebner,ggrebner8c@addthis.com,025-1967090
Pam,Ruckhard,pruckhard8d@google.com.br,002-7200736
Shamus,De Ath,sdeath8e@google.com.br,010-7385013
Elias,Bastick,ebastick8f@go.com,088-1836125
Loraine,Sikorsky,lsikorsky8g@vkontakte.ru,006-5297006
Averell,Hedling,ahedling8h@youtu.be,007-4726797
Timothee,Dillicate,tdillicate8i@msu.edu,058-6037895
Johna,Bloomfield,jbloomfield8j@aboutads.info,099-0838268
Kimberley,Jimeno,kjimeno8k@japanpost.jp,008-6216140
Phaedra,Myhill,pmyhill8l@ucoz.com,090-8840761
Eddie,Valentin,evalentin8m@g.co,022-9009422
Natal,Heady,nheady8n@artisteer.com,002-5147983
Jodi,Boame,jboame8o@homestead.com,017-1594909
Kiley,Matej,kmatej8p@webnode.com,092-0677455
Guillemette,Balsom,gbalsom8q@yellowbook.com,018-5429783
Ransell,Halegarth,rhalegarth8r@trellian.com,042-6174978
Pepito,Fold,pfold8s@unblog.fr,068-2143157
Adams,Rickert,arickert8t@princeton.edu,090-6062678
Alanson,Fraulo,afraulo8u@fema.gov,010-2394544
Rhys,Goldsack,rgoldsack8v@free.fr,072-4929422
Truda,Angove,tangove8w@globo.com,091-2834637
Rubina,Letty,rletty8x@blinklist.com,030-0452785
Stewart,Sizeland,ssizeland8y@toplist.cz,058-0648146
Bing,Cronin,bcronin8z@nature.com,093-3188278
Dan,Dodswell,ddodswell90@parallels.com,044-9522505
Crawford,McCerery,cmccerery91@spiegel.de,042-4541872
Pattin,Haggish,phaggish92@washingtonpost.com,063-0420034
Matthieu,Mazey,mmazey93@google.co.uk,043-3446883
Kissie,Albasiny,kalbasiny94@usa.gov,091-1726287
Hillier,Marquez,hmarquez95@phpbb.com,054-2506060
Josepha,Mallabar,jmallabar96@ezinearticles.com,048-5891146
Ermin,Prichard,eprichard97@nih.gov,052-7310320
Fayette,Askem,faskem98@themeforest.net,011-9867134
Kevyn,Sambath,ksambath99@prnewswire.com,093-9753650
Mano,Gershom,mgershom9a@mediafire.com,060-9410773
Jocko,Danilyak,jdanilyak9b@mlb.com,017-3013728
Cozmo,Wattins,cwattins9c@dropbox.com,007-2389412
Nessie,Croisier,ncroisier9d@google.com.hk,048-8498911
Kiley,Geram,kgeram9e@constantcontact.com,027-0230439
Roseanna,Dellit,rdellit9f@paginegialle.it,042-4054362
Clywd,Seger,cseger9g@paypal.com,046-9822358
Sayre,Brobak,sbrobak9h@linkedin.com,009-5967061
Judon,Rodnight,jrodnight9i@dell.com,087-2559005
Goldi,Cosby,gcosby9j@umn.edu,004-4527548
Bess,Foch,bfoch9k@nhs.uk,063-9674531
Lacee,Tytterton,ltytterton9l@addtoany.com,086-0218452
Dayle,Tatlow,dtatlow9m@tripadvisor.com,082-5151017
Pren,Chat,pchat9n@virginia.edu,084-5931526
Kesley,Shovlin,kshovlin9o@biblegateway.com,074-4559514
Merv,Domnin,mdomnin9p@mac.com,056-5931231
Mitchel,Worboys,mworboys9q@fda.gov,018-9996210
Kelila,Andretti,kandretti9r@epa.gov,049-1981236
Earl,Fleetham,efleetham9s@stanford.edu,053-5402212
Camille,Garritley,cgarritley9t@google.de,093-1665786
Ann,Dand,adand9u@ocn.ne.jp,016-9063452
Mylo,MacKnocker,mmacknocker9v@opensource.org,064-1399845
Yolanthe,Bourcq,ybourcq9w@nih.gov,089-9639414
Saul,Dreinan,sdreinan9x@princeton.edu,008-8341303
Wake,Chattock,wchattock9y@opera.com,095-0307122
Tim,Wilsdon,twilsdon9z@admin.ch,026-1227870
Irvin,Wrigglesworth,iwriggleswortha0@istockphoto.com,043-9853052
Meryl,Rawcliffe,mrawcliffea1@mit.edu,082-9504897
Siward,Woolnough,swoolnougha2@usgs.gov,046-4111586
Jeremiah,Sutherden,jsutherdena3@alibaba.com,038-9989084
Betta,Cowdroy,bcowdroya4@abc.net.au,030-2347020
Roldan,O'Hone,rohonea5@biglobe.ne.jp,095-8895411
Drake,Zanassi,dzanassia6@360.cn,019-7105690
Zorina,Petrecz,zpetrecza7@canalblog.com,035-4675146
Merl,Reisenberg,mreisenberga8@ow.ly,025-5464580
Wylie,Edmead,wedmeada9@examiner.com,007-8328870
Faydra,Tysall,ftysallaa@php.net,064-2985142
Greg,Shadfourth,gshadfourthab@buzzfeed.com,029-9624293
Emmalee,Moran,emoranac@drupal.org,039-7171878
Donia,Fashion,dfashionad@redcross.org,035-8524937
Dyan,Moiser,dmoiserae@nationalgeographic.com,090-8328990
Bale,Cluley,bcluleyaf@bloomberg.com,013-9953492
Travers,Redolfi,tredolfiag@sfgate.com,073-6451364
Gayla,Wherrett,gwherrettah@biblegateway.com,096-8821486
Wilek,Innocenti,winnocentiai@usnews.com,061-0596036
Johnnie,Robardet,jrobardetaj@ox.ac.uk,036-3861723
Emilie,Houlridge,ehoulridgeak@edublogs.org,025-2711915
Griffith,Ollin,gollinal@umn.edu,035-3560019
Thorn,Henrie,thenrieam@joomla.org,000-8819792
Jsandye,Camies,jcamiesan@symantec.com,001-0505109
Benedetta,Libri,blibriao@ameblo.jp,035-4832989
Julio,Aizikov,jaizikovap@umich.edu,047-0501024
Randene,Dye,rdyeaq@nbcnews.com,012-3451245
Cyrus,Vasilkov,cvasilkovar@engadget.com,022-0361001
Margaux,Alcide,malcideas@imageshack.us,099-3645555
Avigdor,Milham,amilhamat@goodreads.com,057-6634872
Tatiania,Bosman,tbosmanau@edublogs.org,042-8417762
Gus,Caudrey,gcaudreyav@cloudflare.com,050-4168785
Sasha,Huonic,shuonicaw@bing.com,055-9562203
Eimile,Willbond,ewillbondax@discuz.net,034-1487238
Obadiah,Dymond,odymonday@redcross.org,031-3245396
Chrysler,Dilnot,cdilnotaz@github.com,010-8268833
Raoul,Winkworth,rwinkworthb0@wikipedia.org,007-3030977
Lauraine,Masterman,lmastermanb1@indiatimes.com,029-8672494
Vinnie,Clarridge,vclarridgeb2@omniture.com,037-2083332
Hadrian,Le Teve,hleteveb3@hhs.gov,017-8094359
Alexandra,Whyatt,awhyattb4@tinypic.com,021-3303629
Heriberto,Blamey,hblameyb5@huffingtonpost.com,057-0161941
Binnie,Ingledow,bingledowb6@flickr.com,041-6689543
Neil,Bottelstone,nbottelstoneb7@washington.edu,087-5031483
Korney,Kaindl,kkaindlb8@scribd.com,008-2673073
Gran,Knightsbridge,gknightsbridgeb9@delicious.com,029-9258688
Rachel,Gosden,rgosdenba@vistaprint.com,086-2770863
Alister,Leynagh,aleynaghbb@businessweek.com,090-9064464
Kaiser,Benardette,kbenardettebc@illinois.edu,073-1068045
Willard,Stanyer,wstanyerbd@hubpages.com,097-3569940
Trever,Garmons,tgarmonsbe@java.com,012-1436113
Rory,Eggerton,reggertonbf@wsj.com,091-5648391
Phillipe,McCrillis,pmccrillisbg@is.gd,055-8649608
Cassandra,Ramble,cramblebh@nhs.uk,055-9249512
Brig,Attrie,battriebi@storify.com,025-2444405
Orv,Ragles,oraglesbj@apple.com,004-9977194
Guinna,Taw,gtawbk@sun.com,023-0797687
Dulci,Hairyes,dhairyesbl@globo.com,088-2271391
Dene,Duprey,ddupreybm@blogtalkradio.com,047-8363014
Kenton,Mitchall,kmitchallbn@europa.eu,001-0126962
Elsie,Strodder,estrodderbo@bing.com,051-1754611
Annalee,Matous,amatousbp@toplist.cz,089-6921256
Truda,Metham,tmethambq@prnewswire.com,098-0858571
Nil,Wrettum,nwrettumbr@gnu.org,079-5568358
Giorgia,Cuncarr,gcuncarrbs@usatoday.com,054-0756120
Steffane,Grinter,sgrinterbt@si.edu,097-1873421
Corney,Francisco,cfranciscobu@usatoday.com,061-6077396
Pierre,Mayall,pmayallbv@odnoklassniki.ru,013-5181224
Rafaelita,Francie,rfranciebw@unblog.fr,049-4465350
Izabel,Smowton,ismowtonbx@state.tx.us,020-8284736
Gerardo,Anney,ganneyby@tripadvisor.com,097-4891570
Henrietta,Phear,hphearbz@huffingtonpost.com,026-2432021
Egon,Welbelove,ewelbelovec0@cnn.com,079-0510670
Leonore,Lucks,llucksc1@mapy.cz,084-7983128
Obadias,Cutbirth,ocutbirthc2@examiner.com,070-8212073
Mannie,Camfield,mcamfieldc3@eepurl.com,047-8227689
Alley,Hebburn,ahebburnc4@fda.gov,087-5695869
Emmalyn,Heaviside,eheavisidec5@constantcontact.com,058-9378243
Marsha,Freyne,mfreynec6@prlog.org,036-7216755
Othelia,Caplen,ocaplenc7@clickbank.net,048-7496374
Hamish,Bishell,hbishellc8@ning.com,069-2466921
Dorolisa,Tubb,dtubbc9@indiegogo.com,018-4205669
Fannie,Domico,fdomicoca@tuttocitta.it,011-3864098
Tarah,Hazlegrove,thazlegrovecb@independent.co.uk,057-2876578
Antonetta,Roux,arouxcc@reverbnation.com,022-7123362
Dawn,Harcase,dharcasecd@ehow.com,064-1083662
Reynolds,McCandless,rmccandlessce@cisco.com,053-0685436
Andree,Clemerson,aclemersoncf@so-net.ne.jp,087-0870079
Karina,Eastmond,keastmondcg@opera.com,017-2320749
Kile,Colling,kcollingch@feedburner.com,057-2879345
Allen,Rappport,arappportci@mit.edu,040-3270356
Annabel,Rusling,aruslingcj@bloglines.com,029-4862288
Josie,McQuaid,jmcquaidck@ehow.com,004-3292815
Devora,Ivashinnikov,divashinnikovcl@edublogs.org,022-7499053
Janey,Prendeguest,jprendeguestcm@home.pl,020-4691535
Julienne,Bygrave,jbygravecn@boston.com,056-9053018
Floria,Mellon,fmellonco@dagondesign.com,021-2042637
Mina,Dust,mdustcp@lycos.com,003-3093262
Brietta,Escolme,bescolmecq@constantcontact.com,088-4637048
Guido,Pfertner,gpfertnercr@cnbc.com,021-7348241
Abrahan,Dearlove,adearlovecs@canalblog.com,008-6240323
Shane,Coppock.,scoppockct@odnoklassniki.ru,089-0384364
Arlyn,Gras,agrascu@vimeo.com,016-0748051
Harry,Paradin,hparadincv@baidu.com,058-0130467
Ettore,Ilyinski,eilyinskicw@ow.ly,012-8003476
Consolata,Gokes,cgokescx@multiply.com,012-6512447
Cosme,Irdale,cirdalecy@ted.com,096-2140424
Brewster,Lydiate,blydiatecz@creativecommons.org,030-3991197
Clayborn,Ragat,cragatd0@abc.net.au,020-2089231
Deb,Oaks,doaksd1@psu.edu,008-8529146
Chrystal,Riccardelli,criccardellid2@purevolume.com,048-1052124
Onfre,Bogue,obogued3@independent.co.uk,065-8737163
Janek,Winchcombe,jwinchcombed4@cnn.com,045-1420584
Vern,Simukov,vsimukovd5@spiegel.de,096-3594026
Jesus,Slyvester,jslyvesterd6@msn.com,009-0772773
Star,Arnaudot,sarnaudotd7@yahoo.co.jp,078-6425905
Melisande,Ten Broek,mtenbroekd8@google.com.hk,063-0817690
Willy,Macken,wmackend9@google.co.uk,027-0627565
Analise,Kiltie,akiltieda@devhub.com,079-7397292
Linoel,Guyers,lguyersdb@oakley.com,070-0549201
Aurelea,Bothie,abothiedc@constantcontact.com,057-8203422
Edy,Pisco,episcodd@gravatar.com,033-8669607
Sybille,Cakebread,scakebreadde@live.com,021-3782660
Freedman,Hold,fholddf@imageshack.us,055-8423525
Franny,Hunsworth,fhunsworthdg@imdb.com,071-4936019
Sheba,Barrus,sbarrusdh@linkedin.com,067-1232477
Sidoney,Paaso,spaasodi@parallels.com,071-7949255
Maryjo,Matthiesen,mmatthiesendj@sciencedaily.com,044-9327352
Law,Van der Velde,lvanderveldedk@abc.net.au,024-6669252
Cal,Jeyness,cjeynessdl@wikispaces.com,031-8754060
Maurise,Browse,mbrowsedm@fema.gov,008-7967006
Corliss,Fydoe,cfydoedn@harvard.edu,061-4526818
Rana,Scourge,rscourgedo@china.com.cn,064-5694826
Katina,Underwood,kunderwooddp@studiopress.com,006-5143157
Fancie,Gurdon,fgurdondq@foxnews.com,026-5029845
Loreen,McNeigh,lmcneighdr@sciencedaily.com,070-9575335
Gabriellia,Spittles,gspittlesds@howstuffworks.com,077-5968473
Misti,Paffitt,mpaffittdt@artisteer.com,095-9162505
Darci,Calver,dcalverdu@gravatar.com,098-1634016
Land,Nickels,lnickelsdv@telegraph.co.uk,057-5155271
Josey,Kohrsen,jkohrsendw@spiegel.de,063-3848995
Barbette,Dowdney,bdowdneydx@jigsy.com,061-7939481
Enrika,Georger,egeorgerdy@weebly.com,032-6740852
Carter,Potticary,cpotticarydz@forbes.com,020-5417871
Elvis,Goldsmith,egoldsmithe0@xing.com,064-8813763
Andie,Bassett,abassette1@hud.gov,016-6714996
Luce,McIlmorie,lmcilmoriee2@fc2.com,055-7782073
Daile,Olivello,dolivelloe3@google.co.uk,099-8065219
Ivonne,Mapes,imapese4@chicagotribune.com,017-3092645
Rozella,Swannell,rswannelle5@clickbank.net,035-8500300
Hillary,Reuther,hreuthere6@artisteer.com,011-3642517
Ethan,Jeanes,ejeanese7@chicagotribune.com,093-8706814
Anica,Beetham,abeethame8@newyorker.com,038-5776330
Denny,Knapton,dknaptone9@posterous.com,043-0623662
Salvidor,Sausman,ssausmanea@aboutads.info,007-3909257
Ashley,Brodnecke,abrodneckeeb@cam.ac.uk,017-6728119
Uri,Spencers,uspencersec@alibaba.com,061-1702499
Lorelei,Donnel,ldonneled@cnet.com,031-6829887
Chalmers,Trenouth,ctrenouthee@google.com.au,081-3011818
Peggy,Willcot,pwillcotef@bloglines.com,021-4326304
Lilah,Mabey,lmabeyeg@hostgator.com,053-2154506
Ardenia,Kloisner,akloisnereh@umich.edu,018-7461520
Laney,Simmen,lsimmenei@about.com,072-8895777
Iseabal,Birchett,ibirchettej@posterous.com,001-6264703
Kristopher,Headrick,kheadrickek@uiuc.edu,053-5967123
Berty,Hastwell,bhastwellel@psu.edu,051-7172424
Clint,Flowitt,cflowittem@cbsnews.com,026-4783815
Maia,Doonican,mdoonicanen@symantec.com,045-2728979
Siegfried,Sapson,ssapsoneo@booking.com,025-3891583
Jameson,Rosenauer,jrosenauerep@fda.gov,039-3910259
Callida,Klazenga,cklazengaeq@comsenz.com,026-9208643
Ethelbert,Couroy,ecouroyer@homestead.com,028-1521576
Lonny,Shilstone,lshilstonees@sun.com,020-0586559
Adina,Ferrige,aferrigeet@google.fr,011-6915453
Abelard,Wesson,awessoneu@wufoo.com,003-3184454
Marjory,McGreil,mmcgreilev@godaddy.com,070-1820022
Lynn,De Carlo,ldecarloew@timesonline.co.uk,075-4035451
Shelbi,Talmadge,stalmadgeex@blogs.com,058-3742599
Vina,Jakubovski,vjakubovskiey@baidu.com,063-5194707
Juana,Pettinger,jpettingerez@washington.edu,062-4812140
Hephzibah,Gleadhell,hgleadhellf0@tinypic.com,083-9437292
Hakim,Mattiazzo,hmattiazzof1@oakley.com,052-8346679
Ruggiero,Kyteley,rkyteleyf2@facebook.com,027-0033029
Staci,Strood,sstroodf3@pcworld.com,082-4707793
Dionysus,Lamlin,dlamlinf4@w3.org,044-0245922
Nadia,Couroy,ncouroyf5@walmart.com,092-7774740
Hershel,Guitel,hguitelf6@behance.net,007-2414258
Scarface,Darinton,sdarintonf7@list-manage.com,029-0700839
Siouxie,Boulden,sbouldenf8@xing.com,031-9602952
Ruthann,McFeat,rmcfeatf9@imgur.com,053-2770211
Cosmo,Brudenell,cbrudenellfa@youtube.com,007-5959210
Theodoric,Grimwood,tgrimwoodfb@ebay.com,047-0592029
Karleen,Lightfoot,klightfootfc@topsy.com,096-5097687
Simmonds,Firpo,sfirpofd@discuz.net,052-1517010
Marthena,Grevel,mgrevelfe@mediafire.com,048-5782736
Waneta,Cano,wcanoff@uol.com.br,059-1138848
Maximilian,Collop,mcollopfg@123-reg.co.uk,030-8903002
Cahra,Butfield,cbutfieldfh@last.fm,015-1755281
Katrinka,Aireton,kairetonfi@wp.com,004-9795666
Beniamino,Salzburger,bsalzburgerfj@smh.com.au,096-5484489
Karena,Jindacek,kjindacekfk@fastcompany.com,013-0638981
Auberta,Laughtisse,alaughtissefl@about.com,067-4734732
Frans,Bligh,fblighfm@unc.edu,045-6511677
Forester,Semark,fsemarkfn@cocolog-nifty.com,096-0764763
Ly,Bogace,lbogacefo@multiply.com,032-6406004
Bron,Berthon,bberthonfp@tripod.com,019-7484253
Mendie,Castagnaro,mcastagnarofq@1688.com,055-1234385
Pebrook,Ryding,prydingfr@ihg.com,049-1157176
Burl,Kingett,bkingettfs@blogger.com,082-3613170
Yorke,Pocknoll,ypocknollft@ucoz.com,093-4453211
Eachelle,Danilyak,edanilyakfu@harvard.edu,023-6934532
Mal,Greening,mgreeningfv@networksolutions.com,058-6239394
Sherlocke,Wayon,swayonfw@dailymail.co.uk,024-3448020
Zilvia,Luney,zluneyfx@wired.com,049-9441322
Obed,Mathelon,omathelonfy@webnode.com,078-8641883
Lorettalorna,Wykes,lwykesfz@yelp.com,064-3763389
Vaughn,Gwillyam,vgwillyamg0@flickr.com,096-6470878
Susannah,Maccari,smaccarig1@census.gov,021-2356436
Carin,Danielsson,cdanielssong2@hud.gov,035-6298937
Drucy,Sarfati,dsarfatig3@google.de,039-5513696
Collen,Cleft,ccleftg4@deliciousdays.com,017-0825381
Flss,Ponsford,fponsfordg5@eepurl.com,025-5288229
Clayson,Verty,cvertyg6@biglobe.ne.jp,010-7061254
Chrisse,Frisby,cfrisbyg7@cornell.edu,050-3715658
Izabel,Shingfield,ishingfieldg8@google.com.au,092-3192263
Hadrian,Hamlen,hhamleng9@people.com.cn,074-6477584
Shayla,Branno,sbrannoga@google.com.hk,018-5426674
Edita,Bonifant,ebonifantgb@youtu.be,061-4949284
Micheil,Hurnell,mhurnellgc@addtoany.com,083-3203132
Tamiko,Mundall,tmundallgd@nasa.gov,024-5387067
Therine,Dickons,tdickonsge@msu.edu,039-1313158
Jannel,Anderer,janderergf@theatlantic.com,088-0393465
Inna,Albarez,ialbarezgg@kickstarter.com,031-1880816
Toddy,Verrechia,tverrechiagh@blinklist.com,012-3507301
Shaylah,Hynde,shyndegi@dagondesign.com,011-7585463
Myranda,Crumley,mcrumleygj@prlog.org,085-0232385
Verine,Petroulis,vpetroulisgk@discovery.com,099-6979490
Lawry,Tarn,ltarngl@mapy.cz,097-9888626
Alfie,Bonwell,abonwellgm@unblog.fr,044-3222809
Murdoch,Mindenhall,mmindenhallgn@nih.gov,005-9076088
Em,Le - Count,elecountgo@newyorker.com,000-2904903
Cherri,Dowbakin,cdowbakingp@liveinternet.ru,051-9418078
Alene,Brokenshaw,abrokenshawgq@php.net,050-5060717
Brose,Lionel,blionelgr@google.com.br,042-9299425
Carlynne,Cultcheth,ccultchethgs@cafepress.com,085-6018454
Silvain,Broadfield,sbroadfieldgt@comcast.net,018-8074357
Holden,Castellani,hcastellanigu@samsung.com,099-7610515
Gillie,Zanioletti,gzaniolettigv@forbes.com,073-5595792
Aleta,Eich,aeichgw@nydailynews.com,077-4073717
Almeria,Bettison,abettisongx@bravesites.com,026-9325208
Corina,Realff,crealffgy@vistaprint.com,078-1214654
Hyacinthia,Swyre,hswyregz@hibu.com,075-4072011
Barbaraanne,Smout,bsmouth0@eventbrite.com,034-5954791
Tammara,De Roeck,tderoeckh1@prlog.org,010-4842216
Kennith,Yakuntsov,kyakuntsovh2@vinaora.com,095-5639466
Michelina,Melbury,mmelburyh3@facebook.com,093-3622819
Maurits,Willingale,mwillingaleh4@zimbio.com,056-9425738
Emmery,Butlin,ebutlinh5@dion.ne.jp,036-8281201
Alasdair,Jiras,ajirash6@theguardian.com,057-9055190
Diane-marie,Cheavin,dcheavinh7@apple.com,055-8290323
Pyotr,Gillum,pgillumh8@archive.org,085-0010851
Stacia,Tucknutt,stucknutth9@photobucket.com,058-3815759
Nancie,Coggon,ncoggonha@ucoz.ru,063-1197859
Missie,Moorfield,mmoorfieldhb@posterous.com,090-7918938
Toni,Pafford,tpaffordhc@unblog.fr,039-1065411
Yolanthe,Shippard,yshippardhd@nba.com,068-2751836
Ambur,Rizzetti,arizzettihe@abc.net.au,005-8342959
Thaine,Orchart,torcharthf@t.co,023-4727155
Leonie,Camerello,lcamerellohg@apple.com,091-8850327
Nanine,Keld,nkeldhh@house.gov,042-6891907
Rivy,Androck,randrockhi@t-online.de,054-8505178
Killy,Ace,kacehj@phpbb.com,000-8338603
Sid,Cuss,scusshk@twitter.com,071-8584534
Emiline,Capoun,ecapounhl@devhub.com,031-8771346
Ardelle,Chattaway,achattawayhm@google.fr,031-6655143
Earle,Crowcum,ecrowcumhn@un.org,062-7998573
Ella,Curteis,ecurteisho@ovh.net,062-8145027
Gretal,Battelle,gbattellehp@tumblr.com,066-4217288
Stanly,Grassi,sgrassihq@shinystat.com,034-1586633
Betti,Tant,btanthr@ucla.edu,015-6154191
Noble,Hedgeman,nhedgemanhs@a8.net,015-5268098
Connor,Iscowitz,ciscowitzht@gizmodo.com,075-7994947
Forrest,Claricoates,fclaricoateshu@sina.com.cn,085-4705386
Andrew,Munt,amunthv@wunderground.com,062-3965120
Fae,Fettes,ffetteshw@typepad.com,063-8325820
Dale,Truran,dtruranhx@geocities.jp,054-2011855
Mab,Piola,mpiolahy@amazon.de,096-0187096
Caye,Undy,cundyhz@cyberchimps.com,047-0772279
Jarrad,Ney,jneyi0@ovh.net,054-4684632
Genny,Bedells,gbedellsi1@msu.edu,027-5235375
Desmond,Pugsley,dpugsleyi2@squarespace.com,018-3746883
Dulsea,Diable,ddiablei3@i2i.jp,093-8997416
Glenine,Geleman,ggelemani4@sohu.com,061-2263444
Liliane,Orum,lorumi5@flickr.com,033-4944455
Dov,Brockest,dbrockesti6@msu.edu,013-4204002
Emmalynn,Bootland,ebootlandi7@plala.or.jp,040-6377508
Garwood,Austin,gaustini8@cornell.edu,068-0945256
Bourke,McGuffog,bmcguffogi9@nih.gov,028-7677617
Vassili,Franies,vfraniesia@paginegialle.it,005-3762415
Ange,Puffett,apuffettib@chicagotribune.com,024-6935280
Lora,Bance,lbanceic@mysql.com,066-1080759
Ashley,Statter,astatterid@nytimes.com,026-5842487
Wilfrid,Toppas,wtoppasie@wiley.com,038-8890324
Timothea,Hanratty,thanrattyif@taobao.com,076-3805985
Damara,Dovington,ddovingtonig@squidoo.com,084-5794679
Wilmar,Connerry,wconnerryih@rambler.ru,056-4787881
Phyllida,Nund,pnundii@mtv.com,027-2535214
Callida,Gilstin,cgilstinij@twitpic.com,017-4810073
Mendel,Probbin,mprobbinik@geocities.jp,046-3922182
Clemmie,Taberer,ctabereril@ucla.edu,025-6763409
Candra,Chopy,cchopyim@weebly.com,049-9218380
Andra,Northen,anorthenin@ow.ly,037-8096529
Devan,Winman,dwinmanio@examiner.com,023-0140426
Tiphani,Worthy,tworthyip@jiathis.com,058-2165480
Sybyl,Rusbridge,srusbridgeiq@ifeng.com,079-4891495
Abagael,Thurstance,athurstanceir@hc360.com,079-6924199
Alasteir,Olwen,aolwenis@google.fr,052-2743352
Lishe,Cissell,lcissellit@buzzfeed.com,046-9713399
Antoine,Lates,alatesiu@hostgator.com,067-0859520
Thadeus,Hanna,thannaiv@zimbio.com,017-5413822
Ysabel,Blackman,yblackmaniw@slashdot.org,046-1294393
Wittie,Sapsford,wsapsfordix@apple.com,047-3968267
Cobby,Peyto,cpeytoiy@jiathis.com,086-9474920
Alfy,Adriano,aadrianoiz@princeton.edu,007-3947402
Beverie,Marchment,bmarchmentj0@accuweather.com,087-4478448
Merrie,Astell,mastellj1@time.com,028-7802992
Viviana,Ruegg,vrueggj2@census.gov,024-0927664
Glynn,Anten,gantenj3@utexas.edu,003-7211582
Jemimah,Hopfner,jhopfnerj4@usgs.gov,006-9057809
Matelda,Davidzon,mdavidzonj5@github.io,055-1713157
Olva,Grombridge,ogrombridgej6@statcounter.com,025-2431978
Fran,Reuble,freublej7@flickr.com,060-2693489
Sarita,Meadley,smeadleyj8@intel.com,058-6382844
Hercule,Van Merwe,hvanmerwej9@netscape.com,006-4474784
Godfry,Januszkiewicz,gjanuszkiewiczja@macromedia.com,097-6775834
Annamarie,Liepmann,aliepmannjb@adobe.com,028-6389063
Onida,Dedman,odedmanjc@paypal.com,074-1299833
Arty,Borchardt,aborchardtjd@sciencedirect.com,084-5325997
Flss,Woolmore,fwoolmoreje@cisco.com,029-5069762
Frazier,Offill,foffilljf@scientificamerican.com,046-5669326
Delilah,Liddy,dliddyjg@i2i.jp,025-1048871
Danice,Sambeck,dsambeckjh@indiatimes.com,063-2631165
Bren,Camelia,bcameliaji@gov.uk,056-5846900
Chick,Sharphurst,csharphurstjj@mashable.com,076-5585881
Rivy,Nathan,rnathanjk@shutterfly.com,025-1861868
Shalna,Grinval,sgrinvaljl@over-blog.com,011-4454926
Natal,Camier,ncamierjm@army.mil,001-3135345
Milicent,Swainger,mswaingerjn@ifeng.com,052-3630391
Dollie,Gadsby,dgadsbyjo@drupal.org,035-7270767
Cindelyn,Oseland,coselandjp@phpbb.com,095-9553331
Flo,Ramsbotham,framsbothamjq@dmoz.org,095-2509594
Ryley,Denisovich,rdenisovichjr@ocn.ne.jp,095-6712854
Ferdinand,Verbruggen,fverbruggenjs@icq.com,006-0488980
Anny,Tennick,atennickjt@xinhuanet.com,029-6962629
Bren,Iacobo,biacoboju@icq.com,051-3981741
Giacopo,Gomer,ggomerjv@tinyurl.com,000-8326408
Pietrek,Dartan,pdartanjw@t-online.de,027-7843137
Dom,Scafe,dscafejx@acquirethisname.com,099-7598282
Barnebas,Lythgoe,blythgoejy@google.de,021-7011723
Emylee,Swetman,eswetmanjz@scribd.com,026-4840448
Pavia,Coyte,pcoytek0@foxnews.com,005-2664836
Eugenia,Brownlee,ebrownleek1@livejournal.com,060-2921459
Karl,Tharme,ktharmek2@pbs.org,058-5403723
Aleda,Fratczak,afratczakk3@prweb.com,071-2968919
Viola,Perrygo,vperrygok4@salon.com,002-1982597
Arlana,Hirtz,ahirtzk5@illinois.edu,013-2953309
Claribel,Kinnear,ckinneark6@wisc.edu,097-8835004
Scarface,Bidnall,sbidnallk7@cbslocal.com,038-6060369
Theadora,Ternent,tternentk8@foxnews.com,094-3110873
Bentlee,Geeson,bgeesonk9@loc.gov,022-8111300
Dulcea,Cleiment,dcleimentka@dedecms.com,010-3112870
Elle,Pea,epeakb@apple.com,072-6661303
Albertina,Antonich,aantonichkc@nps.gov,056-7722227
Krystalle,Atterley,katterleykd@economist.com,030-8008669
Blinnie,Pietranek,bpietranekke@tripod.com,055-9830517
Betsy,Mattersey,bmatterseykf@usgs.gov,031-4924516
Carolina,Eade,ceadekg@oaic.gov.au,006-9570836
Vinni,Gilhooley,vgilhooleykh@china.com.cn,055-8591501
Dory,Frowen,dfrowenki@hugedomains.com,065-2895904
Carlotta,Bulteel,cbulteelkj@tripadvisor.com,081-3543189
Michaelina,Fraczkiewicz,mfraczkiewiczkk@163.com,001-2581107
Geneva,Luckes,gluckeskl@ovh.net,057-5516259
Ase,Edelheit,aedelheitkm@theatlantic.com,003-3622926
Deeanne,Maneylaws,dmaneylawskn@chron.com,033-5783791
Car,Baake,cbaakeko@google.com,026-5071689
Myrilla,Fellos,mfelloskp@tuttocitta.it,083-1845325
Maddy,Layne,mlaynekq@symantec.com,058-6377886
Samaria,Manthroppe,smanthroppekr@blog.com,091-9838561
Carree,Churchman,cchurchmanks@europa.eu,072-9282206
Violette,Adger,vadgerkt@surveymonkey.com,052-2366283
Irina,Valentine,ivalentineku@hud.gov,092-0098948
Jeff,Presser,jpresserkv@cnbc.com,001-9904647
Cassandry,Reaney,creaneykw@4shared.com,086-6533041
Tawnya,Gleder,tglederkx@dagondesign.com,007-5323073
Daria,Crunkhurn,dcrunkhurnky@blogspot.com,036-2458847
Dasie,Burns,dburnskz@vimeo.com,038-6091731
Licha,Cayley,lcayleyl0@google.pl,096-4682420
Mario,Allon,mallonl1@photobucket.com,038-4090696
Antonius,Huey,ahueyl2@php.net,093-2594635
Olivette,Pruckner,oprucknerl3@drupal.org,005-7268413
Rhoda,Curl,rcurll4@house.gov,090-9853091
Rozella,Kidwell,rkidwelll5@theglobeandmail.com,079-3129173
Rem,Iggo,riggol6@surveymonkey.com,005-0756632
Merrili,Dimmock,mdimmockl7@mozilla.com,099-5542096
Laurel,Patching,lpatchingl8@lycos.com,079-4191629
Frank,Jelliman,fjellimanl9@utexas.edu,046-7375696
Juliann,Lye,jlyela@google.ru,063-6244017
Fletch,Fearnall,ffearnalllb@livejournal.com,084-5643738
Emory,Rothert,erothertlc@t.co,073-6539255
Rodina,Stetson,rstetsonld@bravesites.com,079-3942951
Florette,Andrejevic,fandrejevicle@domainmarket.com,078-0546330
Clemmy,Crompton,ccromptonlf@columbia.edu,010-0004581
Stephani,Pinnock,spinnocklg@msn.com,065-3380366
Theodor,Iddins,tiddinslh@yandex.ru,071-8297724
Brenna,Lewnden,blewndenli@geocities.com,025-7359094
Mischa,Danby,mdanbylj@opera.com,080-3743701
Nancy,Keeley,nkeeleylk@amazon.co.jp,003-4724996
Durant,Saltrese,dsaltresell@barnesandnoble.com,042-8384610
Brander,Sambles,bsambleslm@goodreads.com,073-1054907
Benson,Gorbell,bgorbellln@histats.com,013-3770152
Jodee,Ducarne,jducarnelo@delicious.com,031-8565357
Grady,Warwicker,gwarwickerlp@ebay.co.uk,087-5272264
Mar,Collingham,mcollinghamlq@mlb.com,055-3919360
Gennifer,Stollenbeck,gstollenbecklr@yellowpages.com,009-9111418
Vilhelmina,Bleakley,vbleakleyls@people.com.cn,086-4194285
Moyna,Girkin,mgirkinlt@opera.com,049-3132845
Major,Westraw,mwestrawlu@dailymail.co.uk,038-3021946
Steven,Maletratt,smaletrattlv@wufoo.com,042-5339568
Gaylord,Carlsson,gcarlssonlw@unblog.fr,036-3366157
Hermie,Bonner,hbonnerlx@nsw.gov.au,001-3148683
Ines,Huffadine,ihuffadinely@sohu.com,005-3672311
Ilka,Carnow,icarnowlz@msn.com,033-6110290
Glynnis,Folomkin,gfolomkinm0@google.com.hk,034-5905356
Maxi,Baxill,mbaxillm1@timesonline.co.uk,044-7986157
Cart,Squier,csquierm2@meetup.com,046-5868389
Fairleigh,Emney,femneym3@soup.io,003-4411127
Amity,Dorney,adorneym4@chron.com,095-1067908
Parsifal,Clace,pclacem5@sciencedirect.com,035-1981499
Carmine,McClory,cmcclorym6@nih.gov,069-7240502
Jarrett,Hillburn,jhillburnm7@yahoo.com,028-9910209
Sheridan,Ipsgrave,sipsgravem8@bbc.co.uk,071-5823821
Sanders,O'Noland,sonolandm9@miitbeian.gov.cn,085-1758017
Daune,Heathfield,dheathfieldma@dropbox.com,072-7484954
Fredia,Squibbs,fsquibbsmb@bbb.org,079-3458790
Paulie,Pearne,ppearnemc@howstuffworks.com,015-7562891
Luciano,Dyos,ldyosmd@google.cn,061-4573926
Dino,Braban,dbrabanme@wsj.com,066-2610320
Quintin,Backsal,qbacksalmf@woothemes.com,075-7186674
Grantham,Wones,gwonesmg@hao123.com,022-3105115
Tobie,Benini,tbeninimh@slideshare.net,090-5323495
Rhonda,Truin,rtruinmi@printfriendly.com,091-5055298
Andras,Coarser,acoarsermj@homestead.com,064-7922696
Arturo,Pafford,apaffordmk@wp.com,018-8642042
Laurianne,Latch,llatchml@businesswire.com,051-2134157
Wolfgang,Southcott,wsouthcottmm@google.fr,099-9695894
Nicholle,Blenkensop,nblenkensopmn@army.mil,015-0615981
Auria,Wainscot,awainscotmo@vinaora.com,040-4368695
Sheilakathryn,Sijmons,ssijmonsmp@technorati.com,083-1569789
Berty,Crassweller,bcrasswellermq@wikia.com,047-1246347
Leyla,McWaters,lmcwatersmr@dion.ne.jp,060-1228044
Margarita,Thornton,mthorntonms@google.co.jp,072-9677384
Viole,Follett,vfollettmt@geocities.com,017-2937910
Asia,Pencost,apencostmu@google.co.uk,009-9594861
Sapphire,Ragat,sragatmv@prnewswire.com,061-8014638
Rosalind,Wareing,rwareingmw@addtoany.com,078-4027814
Maximilian,McIlwreath,mmcilwreathmx@paginegialle.it,036-8865690
Faye,Mansell,fmansellmy@cam.ac.uk,085-8774361
Hamel,Cattrell,hcattrellmz@webeden.co.uk,092-6443914
Nealon,McJerrow,nmcjerrown0@ebay.com,031-6325280
Eddie,Yackiminie,eyackiminien1@webmd.com,083-4637886
Guinna,Cord,gcordn2@cbslocal.com,084-8164038
Riva,Fouracre,rfouracren3@forbes.com,014-9158192
Ilaire,Bendelow,ibendelown4@cargocollective.com,045-6671642
Gwenore,Gradley,ggradleyn5@blog.com,012-2462220
Christiana,Maywood,cmaywoodn6@ameblo.jp,052-0965191
Imelda,Ranfield,iranfieldn7@acquirethisname.com,077-7610641
Quinlan,Herkess,qherkessn8@wordpress.com,049-6869519
Sib,Skakunas,sskakunasn9@un.org,056-1954968
Kathryn,Rablin,krablinna@moonfruit.com,073-4960703
Heywood,Glasby,hglasbynb@google.co.uk,049-8802627
Myrwyn,Mathan,mmathannc@diigo.com,007-6430847
Jase,Matteacci,jmatteaccind@delicious.com,036-1572583
Nerti,Klugman,nklugmanne@themeforest.net,032-0518784
Becka,Franzman,bfranzmannf@indiegogo.com,093-4785802
Judd,Franey,jfraneyng@infoseek.co.jp,048-4697127
Magdalene,Wilsdon,mwilsdonnh@gmpg.org,095-0141964
Patrizius,Lukas,plukasni@yellowbook.com,065-7490690
Arluene,Witherop,awitheropnj@xrea.com,070-6558444
Millisent,Adhams,madhamsnk@w3.org,019-6011360
Dredi,Casaccia,dcasaccianl@macromedia.com,053-9994736
Beryle,Ritchie,britchienm@trellian.com,037-9864014
Chantalle,Pedrollo,cpedrollonn@elpais.com,079-2866256
Barnard,Morton,bmortonno@blog.com,020-6501489
Dorothea,Waters,dwatersnp@mit.edu,087-0611056
Minnaminnie,Dellit,mdellitnq@gov.uk,041-7420358
Nicola,Skerman,nskermannr@ibm.com,088-0002974
Axel,McIlharga,amcilhargans@skype.com,050-9815866
Joletta,Strode,jstrodent@rediff.com,044-7646939
Franny,Loveday,flovedaynu@fc2.com,077-2497707
Lenci,Andresen,landresennv@state.tx.us,018-6905230
Cyndi,Hubbins,chubbinsnw@google.com.au,018-4595110
Nicoli,Bruffell,nbruffellnx@gnu.org,014-3987491
Terrence,Pirrey,tpirreyny@slate.com,045-9671023
Sax,Llopis,sllopisnz@youtu.be,061-5849751
Sharyl,Yannoni,syannonio0@fema.gov,042-1933714
Eleanor,Clubley,eclubleyo1@live.com,043-5235535
Nikolai,Clemencet,nclemenceto2@si.edu,075-7774114
Millicent,Merit,mmerito3@deliciousdays.com,038-3415785
Rudolf,Kernocke,rkernockeo4@ox.ac.uk,012-3287470
Elysia,Aldwich,ealdwicho5@jalbum.net,074-7441149
Kamilah,L'Homme,klhommeo6@cam.ac.uk,027-2312223
Camellia,Clawson,cclawsono7@opera.com,082-7967372
Bartholomew,Caban,bcabano8@unesco.org,018-7283560
Gae,Danbury,gdanburyo9@salon.com,052-8491970
Harvey,Carpmile,hcarpmileoa@rediff.com,032-0426127
Tasha,Witherop,twitheropob@msu.edu,005-4409112
Allin,Molyneux,amolyneuxoc@uol.com.br,073-9511637
Curran,Tuerena,ctuerenaod@aol.com,003-2427428
Andee,Pursehouse,apursehouseoe@barnesandnoble.com,025-1092614
Dorena,Nand,dnandof@sun.com,084-5396795
Micaela,De Roberto,mderobertoog@who.int,080-8616112
Gertruda,Pinckney,gpinckneyoh@mozilla.com,001-7964049
Tobi,O'Codihie,tocodihieoi@irs.gov,087-3740807
Anson,Josifovitz,ajosifovitzoj@diigo.com,034-8921969
Agneta,Cafe,acafeok@ameblo.jp,063-0541751
Lyn,Redwall,lredwallol@free.fr,055-6778859
Emmy,Brummitt,ebrummittom@google.ru,071-9322902
Florina,Servis,fservison@narod.ru,015-5188289
Corny,Jaggar,cjaggaroo@umich.edu,016-2410982
Ric,Jahndel,rjahndelop@is.gd,073-1274326
Temple,Columbine,tcolumbineoq@jalbum.net,097-5546529
Abran,Redfearn,aredfearnor@mapquest.com,043-3041505
Cherilynn,Deeth,cdeethos@friendfeed.com,056-7779385
Candida,Harmstone,charmstoneot@reddit.com,064-6236248
Benyamin,Bussel,bbusselou@geocities.com,095-2966395
Deina,Aston,dastonov@statcounter.com,010-5175911
Rawley,Jikovsky,rjikovskyow@diigo.com,041-7669454
Celestia,Hoofe,choofeox@reference.com,010-6184451
Gayle,Cowlard,gcowlardoy@1und1.de,089-2937742
Sascha,McKelvey,smckelveyoz@bluehost.com,050-0190258
Colet,Jeskins,cjeskinsp0@census.gov,005-4667077
Gretal,Wyse,gwysep1@answers.com,015-1894373
Hastings,Alcoran,halcoranp2@a8.net,027-0121255
Hendrik,Sango,hsangop3@lulu.com,056-1944065
Parry,Cotty,pcottyp4@theguardian.com,098-5523511
Saidee,Sebire,ssebirep5@elpais.com,011-9389062
Burk,Robotham,brobothamp6@cbsnews.com,078-8514426
Jo,Codi,jcodip7@gnu.org,033-0670462
Kial,Wimbridge,kwimbridgep8@newyorker.com,059-6127692
Noella,Pumphrey,npumphreyp9@sogou.com,054-0696670
Berna,Ferronet,bferronetpa@hostgator.com,042-4732762
Cooper,Gash,cgashpb@newyorker.com,006-0514952
Belva,Tanman,btanmanpc@gravatar.com,039-7668354
Liesa,Cattemull,lcattemullpd@blogtalkradio.com,001-0078850
Annadiana,Schonfelder,aschonfelderpe@behance.net,014-3318075
Diego,Lawtie,dlawtiepf@opensource.org,014-2329821
Annora,Rosita,arositapg@soup.io,097-2416317
Ann,Ronnay,aronnayph@businessweek.com,039-3430747
Marget,Peniello,mpeniellopi@example.com,078-0129300
Livia,Chue,lchuepj@thetimes.co.uk,083-0806160
Ilka,Lawn,ilawnpk@google.co.jp,077-2587574
Matilda,Eckart,meckartpl@nsw.gov.au,071-4730461
Lowell,Brinson,lbrinsonpm@wp.com,014-4276444
Hesther,Adiscot,hadiscotpn@ihg.com,098-7479241
Ardeen,McGlue,amcgluepo@photobucket.com,061-7258351
Ettore,Agutter,eagutterpp@woothemes.com,026-4843082
Sheff,Kaindl,skaindlpq@hatena.ne.jp,029-8744161
Al,Le Houx,alehouxpr@netvibes.com,095-9432429
Helen,Trethowan,htrethowanps@google.co.uk,011-5462359
Mabel,Domel,mdomelpt@51.la,016-0356963
Raynor,King,rkingpu@amazon.co.uk,066-4771118
Liliane,Bayfield,lbayfieldpv@ox.ac.uk,058-1625339
Ilysa,Owlner,iowlnerpw@time.com,022-9725192
Stacy,Gritton,sgrittonpx@google.nl,046-7420685
Tony,Gammidge,tgammidgepy@seattletimes.com,008-3716849
Bernie,Steeples,bsteeplespz@columbia.edu,054-1284333
Donnie,Hanstock,dhanstockq0@zimbio.com,053-8970069
Rod,Strettell,rstrettellq1@dell.com,081-9317756
Gayla,Everex,geverexq2@baidu.com,074-1283864
Jeannine,Cocksedge,jcocksedgeq3@mapquest.com,000-8352402
Matelda,Stormonth,mstormonthq4@dell.com,089-4297940
Kirstin,Walkden,kwalkdenq5@pagesperso-orange.fr,093-8328109
Margaux,Edgerton,medgertonq6@mysql.com,030-8393281
Tate,Mullord,tmullordq7@patch.com,021-2443099
Drucy,Kaliszewski,dkaliszewskiq8@jalbum.net,031-6187393
Miller,Bowell,mbowellq9@zimbio.com,048-5357963
Leigh,Darwent,ldarwentqa@discuz.net,078-2927422
Perrine,Casse,pcasseqb@mozilla.com,092-0038974
Thalia,Pilpovic,tpilpovicqc@lycos.com,010-1752808
Ethelda,Prickett,eprickettqd@tiny.cc,051-5591484
Thain,O' Scallan,toscallanqe@moonfruit.com,021-3172195
Maurie,Moakson,mmoaksonqf@npr.org,027-3269686
Dennie,Lewendon,dlewendonqg@exblog.jp,026-2028314
Eryn,Brunroth,ebrunrothqh@bing.com,070-7762536
Mikaela,Witherup,mwitherupqi@seesaa.net,085-5349278
Camila,Ricardo,cricardoqj@360.cn,063-2538587
Torry,Tuckwell,ttuckwellqk@youtube.com,033-4389504
Camala,Hawken,chawkenql@plala.or.jp,090-0229516
Marla,Riccardini,mriccardiniqm@networksolutions.com,038-2260059
Liv,Livingstone,llivingstoneqn@ca.gov,073-7050523
Lorrie,Paraman,lparamanqo@geocities.com,096-8912359
Jackelyn,Treen,jtreenqp@accuweather.com,069-2569581
Durand,Bains,dbainsqq@engadget.com,083-0199765
Megan,Hoovart,mhoovartqr@dagondesign.com,022-1857239
Matthiew,Mellor,mmellorqs@mediafire.com,069-7023069
Wallie,Hadlington,whadlingtonqt@wikimedia.org,001-3774549
Hatti,Snel,hsnelqu@google.de,050-8833819
Barnaby,Lafayette,blafayetteqv@yelp.com,061-8420537
Laraine,Yurmanovev,lyurmanovevqw@123-reg.co.uk,057-1759619
Carlo,Klemenz,cklemenzqx@mac.com,053-4820050
Stevy,Broom,sbroomqy@cornell.edu,043-3151743
Hilda,Struijs,hstruijsqz@thetimes.co.uk,026-4507983
Vi,Parvin,vparvinr0@ucla.edu,007-3482033
Martyn,Kamen,mkamenr1@unesco.org,049-9984021
Isaac,Costen,icostenr2@so-net.ne.jp,002-9263594
Natala,McCoish,nmccoishr3@businessinsider.com,045-4274762
Shepherd,Conaghy,sconaghyr4@wikimedia.org,069-5029127
Lissi,Aarons,laaronsr5@cnn.com,094-1311375
Archambault,Fairclough,afaircloughr6@weibo.com,069-7394996
Nevins,Brettle,nbrettler7@tamu.edu,057-1067415
Trefor,Mowat,tmowatr8@sfgate.com,053-8708223
Huntington,Fellos,hfellosr9@sakura.ne.jp,089-6911362
Melantha,Bruty,mbrutyra@flavors.me,035-3603580
Adriena,Rhucroft,arhucroftrb@g.co,057-5783474
Duke,Geraldi,dgeraldirc@tamu.edu,066-4399202
Eda,Tennant,etennantrd@youtu.be,012-7108378
Eadith,Bellin,ebellinre@columbia.edu,002-4446698
Bonnee,Hewins,bhewinsrf@nature.com,097-8239865
Nester,Oldham,noldhamrg@amazon.com,089-8053261
Leilah,Joron,ljoronrh@bbc.co.uk,095-4265445
Jacklyn,Alsop,jalsopri@yahoo.co.jp,096-9569137
Reagan,Erie,rerierj@skype.com,009-9011713
Freemon,Shutt,fshuttrk@infoseek.co.jp,024-1343658
Tam,Culpan,tculpanrl@amazon.co.uk,032-9085989
Ivy,Blondelle,iblondellerm@squarespace.com,070-4347467
Kissiah,Vousden,kvousdenrn@blogtalkradio.com,055-6664381
Patricio,Rosel,proselro@youtube.com,064-8109651
Nicki,Grishagin,ngrishaginrp@netvibes.com,051-3493434
Karlens,Puller,kpullerrq@oakley.com,099-5133080
Othelia,Leavry,oleavryrr@list-manage.com,019-8195358
